Epoch,train_sat_kb,test_sat_kb,train_accuracy,test_accuracy
0,nan,nan,0.5900105834007263,0.590198278427124
1,nan,nan,0.5900105834007263,0.590198278427124
2,nan,nan,0.5900105834007263,0.590198278427124
3,nan,nan,0.5900105834007263,0.590198278427124
4,nan,nan,0.5900105834007263,0.590198278427124
5,nan,nan,0.5900105834007263,0.590198278427124
6,nan,nan,0.5900105834007263,0.590198278427124
7,nan,nan,0.5900105834007263,0.590198278427124
